bug_id;file#var_list
1:/org/apache/commons/cli/CommandLine#(options.containsKey(opt))-[69];(!options.containsKey(opt))-[93];type-[98,100];(names.containsKey(opt))-[152];(options.containsKey(key))-[158];(hashcodeMap.values().iterator())-[299];processed-[309,315]
2:/org/apache/commons/cli/PosixParser#tokens-[305]
3:/org/apache/commons/cli/TypeHandler#str-[158,161];(NumberUtils.createNumber(str))-[162]
4:/org/apache/commons/cli/Parser#buff-[298,307]
5:/org/apache/commons/cli/Util#str-[34];str-[36];str-[40];str-[45]
6:/org/apache/commons/cli/HelpFormatter#
7:/org/apache/commons/cli2/builder/PatternBuilder#options-[]
8:/org/apache/commons/cli/HelpFormatter#pos-[812,821];nextLineTabStop-[812]
9:/org/apache/commons/cli/Parser#buff-[319,322]
10:/org/apache/commons/cli/Parser#this.requiredOptions-[46]
11:/org/apache/commons/cli/HelpFormatter#(option.hasArg()&&(option.getArgName()!=null))-[632];(option.getArgName()!=null)-[632]
12:/org/apache/commons/cli/GnuParser#(options.hasOption(arg.substring(0,2)))-[81];opt-[73,75];options-[75,81]
13:/org/apache/commons/cli2/option/ArgumentImpl#argumentCount-[144,146]
14:/org/apache/commons/cli2/option/GroupImpl#(validate)-[250];validate-[249,250]
15:/org/apache/commons/cli2/commandline/WriteableCommandLineImpl#((valueList==null)||valueList.isEmpty())-[117];(valueList == null)-[117];(valueList.isEmpty())-[117];valueList-[118,123];((valueList==null)||valueList.isEmpty())-[122];(valueList == null)-[122];(valueList.isEmpty())-[122];defaultValues-[111,123]
16:/org/apache/commons/cli2/commandline/WriteableCommandLineImpl#options-[66];option-[65,70]:/org/apache/commons/cli2/option/GroupImpl#option-[91,93]
17:/org/apache/commons/cli/PosixParser#
18:/org/apache/commons/cli/PosixParser#
19:/org/apache/commons/cli/PosixParser#tokens-[232,237]
20:/org/apache/commons/cli/PosixParser#(token.indexOf('=')!=-1)-[114];options-[97,100];stopAtNonOption-[97]
21:/org/apache/commons/cli2/commandline/WriteableCommandLineImpl#checkForOption-[]:/org/apache/commons/cli2/option/GroupImpl#commandLine-[511,513]
22:/org/apache/commons/cli/PosixParser#(stopAtNonOption)-[146];stopAtNonOption-[146];options-[]
23:/org/apache/commons/cli/HelpFormatter#lastPos-[824,834];(pos==lastPos)-[834];pos-[826,834];text-[825];width-[805,826]
24:/org/apache/commons/cli/HelpFormatter#nextLineTabStop-[831,845]
25:/org/apache/commons/cli/HelpFormatter#nextLineTabStop-[825,844]
26:/org/apache/commons/cli/OptionBuilder#
27:/org/apache/commons/cli/OptionGroup#(selected==null||selected.equals(option.getOpt()))-[98];(selected.equals(option.getOpt()))-[98];selected-[98,100]
28:/org/apache/commons/cli/Parser#
29:/org/apache/commons/cli/Util#(str.startsWith("\""))-[65];(str.endsWith("\""))-[70];length-[69];str-[67];str-[72]
30:/org/apache/commons/cli/DefaultParser#(!cmd.hasOption(option))-[150]:/org/apache/commons/cli/Parser#(!cmd.hasOption(option))-[263]
31:/org/apache/commons/cli/HelpFormatter#(option.hasArg()&&option.hasArgName())-[653];(option.hasArgName())-[653];option-[656]:/org/apache/commons/cli/OptionBuilder#argName-[80]
32:/org/apache/commons/cli/HelpFormatter#((pos<=text.length())&&((c=text.charAt(pos))!=' ')&&(c!='\n')&&(c!='\r'))-[937];pos-[942]
33:/org/apache/commons/cli/HelpFormatter#
34:/org/apache/commons/cli/OptionBuilder#type-[84]
35:/org/apache/commons/cli/Options#longOpts-[241];(matchingOpts)-[249]
36:/org/apache/commons/cli/OptionGroup#optionMap.TYPE-[]:/org/apache/commons/cli/Options#optionGroups.TYPE-[]
37:/org/apache/commons/cli/DefaultParser#token-[299,302];(token.startsWith("-")&&token.length()>= 2&&options.hasShortOption(token.substring(1,2)))-[302]
38:/org/apache/commons/cli/DefaultParser#options-[310];(options.hasShortOption(optName))-[310]
39:/org/apache/commons/cli/TypeHandler#
40:/org/apache/commons/cli/TypeHandler#
